augmentation_id,source_instruction_id,group_id,instruction,is_original,primary_mode,secondary_mode,confidence,review_status,split,episode_count,step_count,sample_weight,notes
1,1,maniskill_task_1,pick up the object and move it to a goal position.,TRUE,navigation,,source_label,source,train,"2,467","345,243",0.357,Move an unspecified object to a goal position; label inherited from source task.
2,1,maniskill_task_1,pick up the object and place it at the goal position.,FALSE,navigation,,inherited,assistant_reviewed,train,"2,467","345,243",0.357,Move an unspecified object to a goal position; label inherited from source task.
3,1,maniskill_task_1,grasp the object and move it to the target position.,FALSE,navigation,,inherited,assistant_reviewed,train,"2,467","345,243",0.357,Move an unspecified object to a goal position; label inherited from source task.
4,1,maniskill_task_1,lift the object and carry it to the goal location.,FALSE,navigation,,inherited,assistant_reviewed,train,"2,467","345,243",0.357,Move an unspecified object to a goal position; label inherited from source task.
5,1,maniskill_task_1,move the object to its designated goal position.,FALSE,navigation,,inherited,assistant_reviewed,train,"2,467","345,243",0.357,Move an unspecified object to a goal position; label inherited from source task.
6,1,maniskill_task_1,take the object and put it at the target location.,FALSE,navigation,,inherited,assistant_reviewed,train,"2,467","345,243",0.357,Move an unspecified object to a goal position; label inherited from source task.
7,1,maniskill_task_1,grab the object and relocate it to the goal.,FALSE,navigation,,inherited,assistant_reviewed,train,"2,467","345,243",0.357,Move an unspecified object to a goal position; label inherited from source task.
8,1,maniskill_task_1,place the object in the specified goal position.,FALSE,navigation,,inherited,assistant_reviewed,train,"2,467","345,243",0.357,Move an unspecified object to a goal position; label inherited from source task.
9,1,maniskill_task_1,pick the object up and set it down at the target.,FALSE,navigation,,inherited,assistant_reviewed,train,"2,467","345,243",0.357,Move an unspecified object to a goal position; label inherited from source task.
10,1,maniskill_task_1,transport the object to the indicated goal location.,FALSE,navigation,,inherited,assistant_reviewed,train,"2,467","345,243",0.357,Move an unspecified object to a goal position; label inherited from source task.
11,1,maniskill_task_1,grasp and transfer the object to its target position.,FALSE,navigation,,inherited,assistant_reviewed,train,"2,467","345,243",0.357,Move an unspecified object to a goal position; label inherited from source task.
12,1,maniskill_task_1,"lift the object, then place it at the goal.",FALSE,navigation,,inherited,assistant_reviewed,train,"2,467","345,243",0.357,Move an unspecified object to a goal position; label inherited from source task.
13,1,maniskill_task_1,move the selected object into the goal position.,FALSE,navigation,,inherited,assistant_reviewed,train,"2,467","345,243",0.357,Move an unspecified object to a goal position; label inherited from source task.
14,1,maniskill_task_1,pick up the item and bring it to the target spot.,FALSE,navigation,,inherited,assistant_reviewed,train,"2,467","345,243",0.357,Move an unspecified object to a goal position; label inherited from source task.
15,1,maniskill_task_1,relocate the object from its current position to the goal.,FALSE,navigation,,inherited,assistant_reviewed,train,"2,467","345,243",0.357,Move an unspecified object to a goal position; label inherited from source task.
16,1,maniskill_task_1,carry the object over to the designated target position.,FALSE,navigation,,inherited,assistant_reviewed,train,"2,467","345,243",0.357,Move an unspecified object to a goal position; label inherited from source task.
17,1,maniskill_task_1,take hold of the object and place it at the goal location.,FALSE,navigation,,inherited,assistant_reviewed,train,"2,467","345,243",0.357,Move an unspecified object to a goal position; label inherited from source task.
18,1,maniskill_task_1,pick and place the object at the indicated target.,FALSE,navigation,,inherited,assistant_reviewed,train,"2,467","345,243",0.357,Move an unspecified object to a goal position; label inherited from source task.
19,1,maniskill_task_1,move the item until it is positioned at the goal.,FALSE,navigation,,inherited,assistant_reviewed,train,"2,467","345,243",0.357,Move an unspecified object to a goal position; label inherited from source task.
20,1,maniskill_task_1,grasp the item and set it at the specified destination.,FALSE,navigation,,inherited,assistant_reviewed,train,"2,467","345,243",0.357,Move an unspecified object to a goal position; label inherited from source task.
21,1,maniskill_task_1,lift and reposition the object at the target location.,FALSE,navigation,,inherited,assistant_reviewed,train,"2,467","345,243",0.357,Move an unspecified object to a goal position; label inherited from source task.
22,1,maniskill_task_1,transfer the object to the marked goal position.,FALSE,navigation,,inherited,assistant_reviewed,train,"2,467","345,243",0.357,Move an unspecified object to a goal position; label inherited from source task.
23,1,maniskill_task_1,pick the object up and move it into the target area.,FALSE,navigation,,inherited,assistant_reviewed,train,"2,467","345,243",0.357,Move an unspecified object to a goal position; label inherited from source task.
24,1,maniskill_task_1,bring the object to its assigned goal position.,FALSE,navigation,,inherited,assistant_reviewed,train,"2,467","345,243",0.357,Move an unspecified object to a goal position; label inherited from source task.
25,1,maniskill_task_1,move the object from where it is to the target spot.,FALSE,navigation,,inherited,assistant_reviewed,train,"2,467","345,243",0.357,Move an unspecified object to a goal position; label inherited from source task.
26,1,maniskill_task_1,grasp the object and place it in the goal location.,FALSE,navigation,,inherited,assistant_reviewed,train,"2,467","345,243",0.357,Move an unspecified object to a goal position; label inherited from source task.
27,1,maniskill_task_1,pick up the item and relocate it to its target.,FALSE,navigation,,inherited,assistant_reviewed,train,"2,467","345,243",0.357,Move an unspecified object to a goal position; label inherited from source task.
28,1,maniskill_task_1,carry the object to the specified destination.,FALSE,navigation,,inherited,assistant_reviewed,train,"2,467","345,243",0.357,Move an unspecified object to a goal position; label inherited from source task.
29,1,maniskill_task_1,lift the object and position it at the indicated goal.,FALSE,navigation,,inherited,assistant_reviewed,train,"2,467","345,243",0.357,Move an unspecified object to a goal position; label inherited from source task.
30,1,maniskill_task_1,take the object to the goal and place it there.,FALSE,navigation,,inherited,assistant_reviewed,train,"2,467","345,243",0.357,Move an unspecified object to a goal position; label inherited from source task.
31,2,maniskill_task_2,pick up a designated object from a clutter of objects.,TRUE,object_state,,source_label,source,train,806,"128,662",2.500,Identify and pick the designated object from clutter; label inherited from source task.
32,2,maniskill_task_2,pick up the specified object from among the clutter.,FALSE,object_state,,inherited,assistant_reviewed,train,806,"128,662",2.500,Identify and pick the designated object from clutter; label inherited from source task.
33,2,maniskill_task_2,grasp the designated item in the group of objects.,FALSE,object_state,,inherited,assistant_reviewed,train,806,"128,662",2.500,Identify and pick the designated object from clutter; label inherited from source task.
34,2,maniskill_task_2,select the indicated object from the clutter and pick it up.,FALSE,object_state,,inherited,assistant_reviewed,train,806,"128,662",2.500,Identify and pick the designated object from clutter; label inherited from source task.
35,2,maniskill_task_2,find the designated object among the other items and lift it.,FALSE,object_state,,inherited,assistant_reviewed,train,806,"128,662",2.500,Identify and pick the designated object from clutter; label inherited from source task.
36,2,maniskill_task_2,identify and grasp the specified object in the clutter.,FALSE,object_state,,inherited,assistant_reviewed,train,806,"128,662",2.500,Identify and pick the designated object from clutter; label inherited from source task.
37,2,maniskill_task_2,pick the requested object out of the collection.,FALSE,object_state,,inherited,assistant_reviewed,train,806,"128,662",2.500,Identify and pick the designated object from clutter; label inherited from source task.
38,2,maniskill_task_2,locate the designated item among the objects and pick it up.,FALSE,object_state,,inherited,assistant_reviewed,train,806,"128,662",2.500,Identify and pick the designated object from clutter; label inherited from source task.
39,2,maniskill_task_2,choose the specified object from the clutter and grasp it.,FALSE,object_state,,inherited,assistant_reviewed,train,806,"128,662",2.500,Identify and pick the designated object from clutter; label inherited from source task.
40,2,maniskill_task_2,lift the indicated object from the crowded set of items.,FALSE,object_state,,inherited,assistant_reviewed,train,806,"128,662",2.500,Identify and pick the designated object from clutter; label inherited from source task.
41,2,maniskill_task_2,retrieve the designated object from among the surrounding objects.,FALSE,object_state,,inherited,assistant_reviewed,train,806,"128,662",2.500,Identify and pick the designated object from clutter; label inherited from source task.
42,2,maniskill_task_2,grasp only the specified item from the cluttered group.,FALSE,object_state,,inherited,assistant_reviewed,train,806,"128,662",2.500,Identify and pick the designated object from clutter; label inherited from source task.
43,2,maniskill_task_2,pick out and lift the designated object.,FALSE,object_state,,inherited,assistant_reviewed,train,806,"128,662",2.500,Identify and pick the designated object from clutter; label inherited from source task.
44,2,maniskill_task_2,"from the clutter, select the indicated object and pick it up.",FALSE,object_state,,inherited,assistant_reviewed,train,806,"128,662",2.500,Identify and pick the designated object from clutter; label inherited from source task.
45,2,maniskill_task_2,find the requested item in the group and grasp it.,FALSE,object_state,,inherited,assistant_reviewed,train,806,"128,662",2.500,Identify and pick the designated object from clutter; label inherited from source task.
46,2,maniskill_task_2,identify the target object among the clutter and lift it.,FALSE,object_state,,inherited,assistant_reviewed,train,806,"128,662",2.500,Identify and pick the designated object from clutter; label inherited from source task.
47,2,maniskill_task_2,take hold of the designated object from the collection.,FALSE,object_state,,inherited,assistant_reviewed,train,806,"128,662",2.500,Identify and pick the designated object from clutter; label inherited from source task.
48,2,maniskill_task_2,pick up the particular object indicated within the clutter.,FALSE,object_state,,inherited,assistant_reviewed,train,806,"128,662",2.500,Identify and pick the designated object from clutter; label inherited from source task.
49,2,maniskill_task_2,locate and grasp the specified item among the other objects.,FALSE,object_state,,inherited,assistant_reviewed,train,806,"128,662",2.500,Identify and pick the designated object from clutter; label inherited from source task.
50,2,maniskill_task_2,select the target item from the cluttered objects and lift it.,FALSE,object_state,,inherited,assistant_reviewed,train,806,"128,662",2.500,Identify and pick the designated object from clutter; label inherited from source task.
51,2,maniskill_task_2,retrieve the indicated object without picking the surrounding items.,FALSE,object_state,,inherited,assistant_reviewed,train,806,"128,662",2.500,Identify and pick the designated object from clutter; label inherited from source task.
52,2,maniskill_task_2,pick the designated item from the assortment of objects.,FALSE,object_state,,inherited,assistant_reviewed,train,806,"128,662",2.500,Identify and pick the designated object from clutter; label inherited from source task.
53,2,maniskill_task_2,search the clutter for the specified object and grasp it.,FALSE,object_state,,inherited,assistant_reviewed,train,806,"128,662",2.500,Identify and pick the designated object from clutter; label inherited from source task.
54,2,maniskill_task_2,lift the requested object from the group of items.,FALSE,object_state,,inherited,assistant_reviewed,train,806,"128,662",2.500,Identify and pick the designated object from clutter; label inherited from source task.
55,2,maniskill_task_2,choose and pick up the designated object among the clutter.,FALSE,object_state,,inherited,assistant_reviewed,train,806,"128,662",2.500,Identify and pick the designated object from clutter; label inherited from source task.
56,2,maniskill_task_2,find the indicated object in the assortment and lift it.,FALSE,object_state,,inherited,assistant_reviewed,train,806,"128,662",2.500,Identify and pick the designated object from clutter; label inherited from source task.
57,2,maniskill_task_2,grasp the requested item from the cluttered collection.,FALSE,object_state,,inherited,assistant_reviewed,train,806,"128,662",2.500,Identify and pick the designated object from clutter; label inherited from source task.
58,2,maniskill_task_2,identify the designated object and pick it out of the group.,FALSE,object_state,,inherited,assistant_reviewed,train,806,"128,662",2.500,Identify and pick the designated object from clutter; label inherited from source task.
59,2,maniskill_task_2,pick up the target object from among the other objects.,FALSE,object_state,,inherited,assistant_reviewed,train,806,"128,662",2.500,Identify and pick the designated object from clutter; label inherited from source task.
60,2,maniskill_task_2,locate the specified item in the clutter and take hold of it.,FALSE,object_state,,inherited,assistant_reviewed,train,806,"128,662",2.500,Identify and pick the designated object from clutter; label inherited from source task.
61,3,maniskill_task_3,turn on the faucet by rotating a designated handle.,TRUE,default,,source_label,source,train,773,"141,707",2.500,Turn on a faucet by rotating its designated handle; label inherited from source task.
62,3,maniskill_task_3,rotate the designated handle to turn on the faucet.,FALSE,default,,inherited,assistant_reviewed,train,773,"141,707",2.500,Turn on a faucet by rotating its designated handle; label inherited from source task.
63,3,maniskill_task_3,turn the specified faucet handle until the faucet is on.,FALSE,default,,inherited,assistant_reviewed,train,773,"141,707",2.500,Turn on a faucet by rotating its designated handle; label inherited from source task.
64,3,maniskill_task_3,activate the faucet by rotating the indicated handle.,FALSE,default,,inherited,assistant_reviewed,train,773,"141,707",2.500,Turn on a faucet by rotating its designated handle; label inherited from source task.
65,3,maniskill_task_3,use the designated handle to switch the faucet on.,FALSE,default,,inherited,assistant_reviewed,train,773,"141,707",2.500,Turn on a faucet by rotating its designated handle; label inherited from source task.
66,3,maniskill_task_3,grasp and rotate the specified handle to turn on the faucet.,FALSE,default,,inherited,assistant_reviewed,train,773,"141,707",2.500,Turn on a faucet by rotating its designated handle; label inherited from source task.
67,3,maniskill_task_3,turn on the water by rotating the designated faucet handle.,FALSE,default,,inherited,assistant_reviewed,train,773,"141,707",2.500,Turn on a faucet by rotating its designated handle; label inherited from source task.
68,3,maniskill_task_3,rotate the indicated handle so that the faucet turns on.,FALSE,default,,inherited,assistant_reviewed,train,773,"141,707",2.500,Turn on a faucet by rotating its designated handle; label inherited from source task.
69,3,maniskill_task_3,operate the designated handle to activate the faucet.,FALSE,default,,inherited,assistant_reviewed,train,773,"141,707",2.500,Turn on a faucet by rotating its designated handle; label inherited from source task.
70,3,maniskill_task_3,switch on the faucet using the specified rotating handle.,FALSE,default,,inherited,assistant_reviewed,train,773,"141,707",2.500,Turn on a faucet by rotating its designated handle; label inherited from source task.
71,3,maniskill_task_3,twist the designated faucet handle to the on position.,FALSE,default,,inherited,assistant_reviewed,train,773,"141,707",2.500,Turn on a faucet by rotating its designated handle; label inherited from source task.
72,3,maniskill_task_3,turn the indicated handle to activate the water flow.,FALSE,default,,inherited,assistant_reviewed,train,773,"141,707",2.500,Turn on a faucet by rotating its designated handle; label inherited from source task.
73,3,maniskill_task_3,rotate the selected handle and turn the faucet on.,FALSE,default,,inherited,assistant_reviewed,train,773,"141,707",2.500,Turn on a faucet by rotating its designated handle; label inherited from source task.
74,3,maniskill_task_3,use the indicated faucet handle to start the water.,FALSE,default,,inherited,assistant_reviewed,train,773,"141,707",2.500,Turn on a faucet by rotating its designated handle; label inherited from source task.
75,3,maniskill_task_3,activate the water flow by turning the designated handle.,FALSE,default,,inherited,assistant_reviewed,train,773,"141,707",2.500,Turn on a faucet by rotating its designated handle; label inherited from source task.
76,3,maniskill_task_3,grasp the specified handle and rotate it to switch on the faucet.,FALSE,default,,inherited,assistant_reviewed,train,773,"141,707",2.500,Turn on a faucet by rotating its designated handle; label inherited from source task.
77,3,maniskill_task_3,move the designated faucet handle by rotation until it is on.,FALSE,default,,inherited,assistant_reviewed,train,773,"141,707",2.500,Turn on a faucet by rotating its designated handle; label inherited from source task.
78,3,maniskill_task_3,turn the chosen handle to start the faucet.,FALSE,default,,inherited,assistant_reviewed,train,773,"141,707",2.500,Turn on a faucet by rotating its designated handle; label inherited from source task.
79,3,maniskill_task_3,rotate the requested handle to open the faucet.,FALSE,default,,inherited,assistant_reviewed,train,773,"141,707",2.500,Turn on a faucet by rotating its designated handle; label inherited from source task.
80,3,maniskill_task_3,switch the faucet on by turning the indicated handle.,FALSE,default,,inherited,assistant_reviewed,train,773,"141,707",2.500,Turn on a faucet by rotating its designated handle; label inherited from source task.
81,3,maniskill_task_3,twist the specified handle until water is turned on.,FALSE,default,,inherited,assistant_reviewed,train,773,"141,707",2.500,Turn on a faucet by rotating its designated handle; label inherited from source task.
82,3,maniskill_task_3,operate the faucet by rotating its designated handle to on.,FALSE,default,,inherited,assistant_reviewed,train,773,"141,707",2.500,Turn on a faucet by rotating its designated handle; label inherited from source task.
83,3,maniskill_task_3,turn the designated control handle to activate the faucet.,FALSE,default,,inherited,assistant_reviewed,train,773,"141,707",2.500,Turn on a faucet by rotating its designated handle; label inherited from source task.
84,3,maniskill_task_3,rotate the correct faucet handle to start the water flow.,FALSE,default,,inherited,assistant_reviewed,train,773,"141,707",2.500,Turn on a faucet by rotating its designated handle; label inherited from source task.
85,3,maniskill_task_3,use the specified handle and turn it until the faucet activates.,FALSE,default,,inherited,assistant_reviewed,train,773,"141,707",2.500,Turn on a faucet by rotating its designated handle; label inherited from source task.
86,3,maniskill_task_3,start the faucet by rotating the designated handle.,FALSE,default,,inherited,assistant_reviewed,train,773,"141,707",2.500,Turn on a faucet by rotating its designated handle; label inherited from source task.
87,3,maniskill_task_3,turn the indicated faucet control into the on position.,FALSE,default,,inherited,assistant_reviewed,train,773,"141,707",2.500,Turn on a faucet by rotating its designated handle; label inherited from source task.
88,3,maniskill_task_3,rotate the designated control to switch on the water.,FALSE,default,,inherited,assistant_reviewed,train,773,"141,707",2.500,Turn on a faucet by rotating its designated handle; label inherited from source task.
89,3,maniskill_task_3,activate the faucet using the indicated rotating handle.,FALSE,default,,inherited,assistant_reviewed,train,773,"141,707",2.500,Turn on a faucet by rotating its designated handle; label inherited from source task.
90,3,maniskill_task_3,grip and turn the specified handle so the faucet comes on.,FALSE,default,,inherited,assistant_reviewed,train,773,"141,707",2.500,Turn on a faucet by rotating its designated handle; label inherited from source task.
91,4,maniskill_task_4,insert a designated object into the corresponding slot on a board.,TRUE,navigation,,source_label,source,train,276,"42,777",0.357,Insert a designated object into its corresponding board slot; label inherited from source task.
92,4,maniskill_task_4,place the designated object into its matching slot on the board.,FALSE,navigation,,inherited,assistant_reviewed,train,276,"42,777",0.357,Insert a designated object into its corresponding board slot; label inherited from source task.
93,4,maniskill_task_4,insert the specified item into the corresponding board slot.,FALSE,navigation,,inherited,assistant_reviewed,train,276,"42,777",0.357,Insert a designated object into its corresponding board slot; label inherited from source task.
94,4,maniskill_task_4,fit the designated object into the slot that matches it on the board.,FALSE,navigation,,inherited,assistant_reviewed,train,276,"42,777",0.357,Insert a designated object into its corresponding board slot; label inherited from source task.
95,4,maniskill_task_4,put the indicated object into its corresponding slot in the board.,FALSE,navigation,,inherited,assistant_reviewed,train,276,"42,777",0.357,Insert a designated object into its corresponding board slot; label inherited from source task.
96,4,maniskill_task_4,align the specified object with its matching slot and insert it.,FALSE,navigation,,inherited,assistant_reviewed,train,276,"42,777",0.357,Insert a designated object into its corresponding board slot; label inherited from source task.
97,4,maniskill_task_4,place the selected object inside the appropriate slot on the board.,FALSE,navigation,,inherited,assistant_reviewed,train,276,"42,777",0.357,Insert a designated object into its corresponding board slot; label inherited from source task.
98,4,maniskill_task_4,insert the indicated item into the board opening that corresponds to it.,FALSE,navigation,,inherited,assistant_reviewed,train,276,"42,777",0.357,Insert a designated object into its corresponding board slot; label inherited from source task.
99,4,maniskill_task_4,fit the specified object into its designated board slot.,FALSE,navigation,,inherited,assistant_reviewed,train,276,"42,777",0.357,Insert a designated object into its corresponding board slot; label inherited from source task.
100,4,maniskill_task_4,match the object to its slot on the board and insert it.,FALSE,navigation,,inherited,assistant_reviewed,train,276,"42,777",0.357,Insert a designated object into its corresponding board slot; label inherited from source task.
101,4,maniskill_task_4,put the designated piece into the matching opening on the board.,FALSE,navigation,,inherited,assistant_reviewed,train,276,"42,777",0.357,Insert a designated object into its corresponding board slot; label inherited from source task.
102,4,maniskill_task_4,guide the specified object into its corresponding board slot.,FALSE,navigation,,inherited,assistant_reviewed,train,276,"42,777",0.357,Insert a designated object into its corresponding board slot; label inherited from source task.
103,4,maniskill_task_4,insert the selected piece into the appropriate slot in the board.,FALSE,navigation,,inherited,assistant_reviewed,train,276,"42,777",0.357,Insert a designated object into its corresponding board slot; label inherited from source task.
104,4,maniskill_task_4,place the indicated item into the board slot assigned to it.,FALSE,navigation,,inherited,assistant_reviewed,train,276,"42,777",0.357,Insert a designated object into its corresponding board slot; label inherited from source task.
105,4,maniskill_task_4,fit the designated piece inside its matching board opening.,FALSE,navigation,,inherited,assistant_reviewed,train,276,"42,777",0.357,Insert a designated object into its corresponding board slot; label inherited from source task.
106,4,maniskill_task_4,align and insert the requested object into the corresponding slot.,FALSE,navigation,,inherited,assistant_reviewed,train,276,"42,777",0.357,Insert a designated object into its corresponding board slot; label inherited from source task.
107,4,maniskill_task_4,move the specified object into its matching slot on the board.,FALSE,navigation,,inherited,assistant_reviewed,train,276,"42,777",0.357,Insert a designated object into its corresponding board slot; label inherited from source task.
108,4,maniskill_task_4,put the selected item in the correct corresponding board slot.,FALSE,navigation,,inherited,assistant_reviewed,train,276,"42,777",0.357,Insert a designated object into its corresponding board slot; label inherited from source task.
109,4,maniskill_task_4,insert the designated shape into the slot that matches it.,FALSE,navigation,,inherited,assistant_reviewed,train,276,"42,777",0.357,Insert a designated object into its corresponding board slot; label inherited from source task.
110,4,maniskill_task_4,place the requested object into its proper opening on the board.,FALSE,navigation,,inherited,assistant_reviewed,train,276,"42,777",0.357,Insert a designated object into its corresponding board slot; label inherited from source task.
111,4,maniskill_task_4,guide the indicated piece into the corresponding board opening.,FALSE,navigation,,inherited,assistant_reviewed,train,276,"42,777",0.357,Insert a designated object into its corresponding board slot; label inherited from source task.
112,4,maniskill_task_4,fit the selected object into the correct slot on the board.,FALSE,navigation,,inherited,assistant_reviewed,train,276,"42,777",0.357,Insert a designated object into its corresponding board slot; label inherited from source task.
113,4,maniskill_task_4,insert the requested item into its matching board position.,FALSE,navigation,,inherited,assistant_reviewed,train,276,"42,777",0.357,Insert a designated object into its corresponding board slot; label inherited from source task.
114,4,maniskill_task_4,place the designated piece securely in its corresponding slot.,FALSE,navigation,,inherited,assistant_reviewed,train,276,"42,777",0.357,Insert a designated object into its corresponding board slot; label inherited from source task.
115,4,maniskill_task_4,align the indicated object to the right board slot and insert it.,FALSE,navigation,,inherited,assistant_reviewed,train,276,"42,777",0.357,Insert a designated object into its corresponding board slot; label inherited from source task.
116,4,maniskill_task_4,move the selected piece into the board opening made for it.,FALSE,navigation,,inherited,assistant_reviewed,train,276,"42,777",0.357,Insert a designated object into its corresponding board slot; label inherited from source task.
117,4,maniskill_task_4,put the specified shape into its corresponding slot on the board.,FALSE,navigation,,inherited,assistant_reviewed,train,276,"42,777",0.357,Insert a designated object into its corresponding board slot; label inherited from source task.
118,4,maniskill_task_4,insert the indicated object into the correct matching opening.,FALSE,navigation,,inherited,assistant_reviewed,train,276,"42,777",0.357,Insert a designated object into its corresponding board slot; label inherited from source task.
119,4,maniskill_task_4,fit the requested piece into its assigned slot in the board.,FALSE,navigation,,inherited,assistant_reviewed,train,276,"42,777",0.357,Insert a designated object into its corresponding board slot; label inherited from source task.
120,4,maniskill_task_4,place the specified object within the corresponding board slot.,FALSE,navigation,,inherited,assistant_reviewed,train,276,"42,777",0.357,Insert a designated object into its corresponding board slot; label inherited from source task.
121,5,maniskill_task_5,plug the charger into the wall socket.,TRUE,navigation,,source_label,source,train,186,"30,023",0.357,Plug a charger into a wall socket; label inherited from source task.
122,5,maniskill_task_5,insert the charger plug into the wall socket.,FALSE,navigation,,inherited,assistant_reviewed,train,186,"30,023",0.357,Plug a charger into a wall socket; label inherited from source task.
123,5,maniskill_task_5,connect the charger to the wall outlet.,FALSE,navigation,,inherited,assistant_reviewed,train,186,"30,023",0.357,Plug a charger into a wall socket; label inherited from source task.
124,5,maniskill_task_5,plug the charger into the electrical outlet on the wall.,FALSE,navigation,,inherited,assistant_reviewed,train,186,"30,023",0.357,Plug a charger into a wall socket; label inherited from source task.
125,5,maniskill_task_5,place the charger plug into the wall receptacle.,FALSE,navigation,,inherited,assistant_reviewed,train,186,"30,023",0.357,Plug a charger into a wall socket; label inherited from source task.
126,5,maniskill_task_5,insert the charger's plug into the socket.,FALSE,navigation,,inherited,assistant_reviewed,train,186,"30,023",0.357,Plug a charger into a wall socket; label inherited from source task.
127,5,maniskill_task_5,connect the charger by plugging it into the wall outlet.,FALSE,navigation,,inherited,assistant_reviewed,train,186,"30,023",0.357,Plug a charger into a wall socket; label inherited from source task.
128,5,maniskill_task_5,fit the charger plug into the wall socket.,FALSE,navigation,,inherited,assistant_reviewed,train,186,"30,023",0.357,Plug a charger into a wall socket; label inherited from source task.
129,5,maniskill_task_5,put the charger connector into the wall outlet.,FALSE,navigation,,inherited,assistant_reviewed,train,186,"30,023",0.357,Plug a charger into a wall socket; label inherited from source task.
130,5,maniskill_task_5,plug the charging adapter into the wall socket.,FALSE,navigation,,inherited,assistant_reviewed,train,186,"30,023",0.357,Plug a charger into a wall socket; label inherited from source task.
131,5,maniskill_task_5,align the charger plug with the wall outlet and insert it.,FALSE,navigation,,inherited,assistant_reviewed,train,186,"30,023",0.357,Plug a charger into a wall socket; label inherited from source task.
132,5,maniskill_task_5,insert the charging plug into the electrical socket.,FALSE,navigation,,inherited,assistant_reviewed,train,186,"30,023",0.357,Plug a charger into a wall socket; label inherited from source task.
133,5,maniskill_task_5,connect the charging cable to the wall socket using its plug.,FALSE,navigation,,inherited,assistant_reviewed,train,186,"30,023",0.357,Plug a charger into a wall socket; label inherited from source task.
134,5,maniskill_task_5,place the charger into the available wall outlet.,FALSE,navigation,,inherited,assistant_reviewed,train,186,"30,023",0.357,Plug a charger into a wall socket; label inherited from source task.
135,5,maniskill_task_5,push the charger plug into the wall receptacle.,FALSE,navigation,,inherited,assistant_reviewed,train,186,"30,023",0.357,Plug a charger into a wall socket; label inherited from source task.
136,5,maniskill_task_5,attach the charger to power by plugging it into the wall socket.,FALSE,navigation,,inherited,assistant_reviewed,train,186,"30,023",0.357,Plug a charger into a wall socket; label inherited from source task.
137,5,maniskill_task_5,insert the charger connector into the electrical outlet.,FALSE,navigation,,inherited,assistant_reviewed,train,186,"30,023",0.357,Plug a charger into a wall socket; label inherited from source task.
138,5,maniskill_task_5,plug the power adapter into the socket on the wall.,FALSE,navigation,,inherited,assistant_reviewed,train,186,"30,023",0.357,Plug a charger into a wall socket; label inherited from source task.
139,5,maniskill_task_5,connect the charger plug securely to the wall outlet.,FALSE,navigation,,inherited,assistant_reviewed,train,186,"30,023",0.357,Plug a charger into a wall socket; label inherited from source task.
140,5,maniskill_task_5,guide the charger plug into the wall socket.,FALSE,navigation,,inherited,assistant_reviewed,train,186,"30,023",0.357,Plug a charger into a wall socket; label inherited from source task.
141,5,maniskill_task_5,put the charging adapter's plug into the outlet.,FALSE,navigation,,inherited,assistant_reviewed,train,186,"30,023",0.357,Plug a charger into a wall socket; label inherited from source task.
142,5,maniskill_task_5,fit the charging plug into the electrical wall socket.,FALSE,navigation,,inherited,assistant_reviewed,train,186,"30,023",0.357,Plug a charger into a wall socket; label inherited from source task.
143,5,maniskill_task_5,insert the charger into the wall outlet to connect it.,FALSE,navigation,,inherited,assistant_reviewed,train,186,"30,023",0.357,Plug a charger into a wall socket; label inherited from source task.
144,5,maniskill_task_5,plug the charger connector into the socket.,FALSE,navigation,,inherited,assistant_reviewed,train,186,"30,023",0.357,Plug a charger into a wall socket; label inherited from source task.
145,5,maniskill_task_5,place the charger plug inside the wall outlet.,FALSE,navigation,,inherited,assistant_reviewed,train,186,"30,023",0.357,Plug a charger into a wall socket; label inherited from source task.
146,5,maniskill_task_5,connect the charger to the electrical socket.,FALSE,navigation,,inherited,assistant_reviewed,train,186,"30,023",0.357,Plug a charger into a wall socket; label inherited from source task.
147,5,maniskill_task_5,align and insert the charging adapter into the wall receptacle.,FALSE,navigation,,inherited,assistant_reviewed,train,186,"30,023",0.357,Plug a charger into a wall socket; label inherited from source task.
148,5,maniskill_task_5,push the charger connector into the wall outlet.,FALSE,navigation,,inherited,assistant_reviewed,train,186,"30,023",0.357,Plug a charger into a wall socket; label inherited from source task.
149,5,maniskill_task_5,plug the power charger into the electrical wall socket.,FALSE,navigation,,inherited,assistant_reviewed,train,186,"30,023",0.357,Plug a charger into a wall socket; label inherited from source task.
150,5,maniskill_task_5,insert the charging adapter's plug into the socket on the wall.,FALSE,navigation,,inherited,assistant_reviewed,train,186,"30,023",0.357,Plug a charger into a wall socket; label inherited from source task.
151,6,maniskill_task_6,stack the red cube on top of the green cube.,TRUE,navigation,,source_label,source,train,178,"26,009",0.357,Stack the red cube directly on the green cube; label inherited from source task.
152,6,maniskill_task_6,place the red cube on top of the green cube.,FALSE,navigation,,inherited,assistant_reviewed,train,178,"26,009",0.357,Stack the red cube directly on the green cube; label inherited from source task.
153,6,maniskill_task_6,put the red cube above and directly onto the green cube.,FALSE,navigation,,inherited,assistant_reviewed,train,178,"26,009",0.357,Stack the red cube directly on the green cube; label inherited from source task.
154,6,maniskill_task_6,set the red cube on the upper surface of the green cube.,FALSE,navigation,,inherited,assistant_reviewed,train,178,"26,009",0.357,Stack the red cube directly on the green cube; label inherited from source task.
155,6,maniskill_task_6,lift the red cube and stack it on the green cube.,FALSE,navigation,,inherited,assistant_reviewed,train,178,"26,009",0.357,Stack the red cube directly on the green cube; label inherited from source task.
156,6,maniskill_task_6,position the red cube on top of the green one.,FALSE,navigation,,inherited,assistant_reviewed,train,178,"26,009",0.357,Stack the red cube directly on the green cube; label inherited from source task.
157,6,maniskill_task_6,place the red block directly over the green block to form a stack.,FALSE,navigation,,inherited,assistant_reviewed,train,178,"26,009",0.357,Stack the red cube directly on the green cube; label inherited from source task.
158,6,maniskill_task_6,stack the cubes with red on top of green.,FALSE,navigation,,inherited,assistant_reviewed,train,178,"26,009",0.357,Stack the red cube directly on the green cube; label inherited from source task.
159,6,maniskill_task_6,put the red block onto the top face of the green block.,FALSE,navigation,,inherited,assistant_reviewed,train,178,"26,009",0.357,Stack the red cube directly on the green cube; label inherited from source task.
160,6,maniskill_task_6,move the red cube onto the green cube and stack them.,FALSE,navigation,,inherited,assistant_reviewed,train,178,"26,009",0.357,Stack the red cube directly on the green cube; label inherited from source task.
161,6,maniskill_task_6,arrange the cubes so the red cube rests on the green cube.,FALSE,navigation,,inherited,assistant_reviewed,train,178,"26,009",0.357,Stack the red cube directly on the green cube; label inherited from source task.
162,6,maniskill_task_6,set the red block on top of the green block.,FALSE,navigation,,inherited,assistant_reviewed,train,178,"26,009",0.357,Stack the red cube directly on the green cube; label inherited from source task.
163,6,maniskill_task_6,place the green cube underneath the red cube by stacking the red one on it.,FALSE,navigation,,inherited,assistant_reviewed,train,178,"26,009",0.357,Stack the red cube directly on the green cube; label inherited from source task.
164,6,maniskill_task_6,make a stack with the red cube above the green cube.,FALSE,navigation,,inherited,assistant_reviewed,train,178,"26,009",0.357,Stack the red cube directly on the green cube; label inherited from source task.
165,6,maniskill_task_6,position the red cube securely on the green cube.,FALSE,navigation,,inherited,assistant_reviewed,train,178,"26,009",0.357,Stack the red cube directly on the green cube; label inherited from source task.
166,6,maniskill_task_6,lift and place the red block on the top of the green block.,FALSE,navigation,,inherited,assistant_reviewed,train,178,"26,009",0.357,Stack the red cube directly on the green cube; label inherited from source task.
167,6,maniskill_task_6,put the red cube directly on the green cube's top surface.,FALSE,navigation,,inherited,assistant_reviewed,train,178,"26,009",0.357,Stack the red cube directly on the green cube; label inherited from source task.
168,6,maniskill_task_6,"stack red over green, with the red cube on top.",FALSE,navigation,,inherited,assistant_reviewed,train,178,"26,009",0.357,Stack the red cube directly on the green cube; label inherited from source task.
169,6,maniskill_task_6,move the red block onto the green block to create a two-cube stack.,FALSE,navigation,,inherited,assistant_reviewed,train,178,"26,009",0.357,Stack the red cube directly on the green cube; label inherited from source task.
170,6,maniskill_task_6,place the red cube atop the green cube.,FALSE,navigation,,inherited,assistant_reviewed,train,178,"26,009",0.357,Stack the red cube directly on the green cube; label inherited from source task.
171,6,maniskill_task_6,arrange the red cube so it rests above the green cube.,FALSE,navigation,,inherited,assistant_reviewed,train,178,"26,009",0.357,Stack the red cube directly on the green cube; label inherited from source task.
172,6,maniskill_task_6,set the red cube down on the top face of the green cube.,FALSE,navigation,,inherited,assistant_reviewed,train,178,"26,009",0.357,Stack the red cube directly on the green cube; label inherited from source task.
173,6,maniskill_task_6,form a stack by placing red on green.,FALSE,navigation,,inherited,assistant_reviewed,train,178,"26,009",0.357,Stack the red cube directly on the green cube; label inherited from source task.
174,6,maniskill_task_6,put the red cube on the green cube without reversing their order.,FALSE,navigation,,inherited,assistant_reviewed,train,178,"26,009",0.357,Stack the red cube directly on the green cube; label inherited from source task.
175,6,maniskill_task_6,stack the red block above the green block.,FALSE,navigation,,inherited,assistant_reviewed,train,178,"26,009",0.357,Stack the red cube directly on the green cube; label inherited from source task.
176,6,maniskill_task_6,position red as the upper cube and green as the lower cube.,FALSE,navigation,,inherited,assistant_reviewed,train,178,"26,009",0.357,Stack the red cube directly on the green cube; label inherited from source task.
177,6,maniskill_task_6,place the red cube over the green cube to make a stable stack.,FALSE,navigation,,inherited,assistant_reviewed,train,178,"26,009",0.357,Stack the red cube directly on the green cube; label inherited from source task.
178,6,maniskill_task_6,move the red cube onto the top of the green cube.,FALSE,navigation,,inherited,assistant_reviewed,train,178,"26,009",0.357,Stack the red cube directly on the green cube; label inherited from source task.
179,6,maniskill_task_6,build a two-cube stack with green below red.,FALSE,navigation,,inherited,assistant_reviewed,train,178,"26,009",0.357,Stack the red cube directly on the green cube; label inherited from source task.
180,6,maniskill_task_6,set the red cube on the green one so that red is on top.,FALSE,navigation,,inherited,assistant_reviewed,train,178,"26,009",0.357,Stack the red cube directly on the green cube; label inherited from source task.
181,7,maniskill_task_7,insert the peg into the horizontal hole in a box.,TRUE,navigation,,source_label,source,train,155,"23,988",0.357,Insert the peg into the horizontal hole in a box; label inherited from source task.
182,7,maniskill_task_7,put the peg into the box's horizontal hole.,FALSE,navigation,,inherited,assistant_reviewed,train,155,"23,988",0.357,Insert the peg into the horizontal hole in a box; label inherited from source task.
183,7,maniskill_task_7,insert the peg through the horizontally oriented hole in the box.,FALSE,navigation,,inherited,assistant_reviewed,train,155,"23,988",0.357,Insert the peg into the horizontal hole in a box; label inherited from source task.
184,7,maniskill_task_7,align the peg with the horizontal opening and push it into the box.,FALSE,navigation,,inherited,assistant_reviewed,train,155,"23,988",0.357,Insert the peg into the horizontal hole in a box; label inherited from source task.
185,7,maniskill_task_7,place the peg inside the horizontal hole on the box.,FALSE,navigation,,inherited,assistant_reviewed,train,155,"23,988",0.357,Insert the peg into the horizontal hole in a box; label inherited from source task.
186,7,maniskill_task_7,fit the peg into the box opening that runs horizontally.,FALSE,navigation,,inherited,assistant_reviewed,train,155,"23,988",0.357,Insert the peg into the horizontal hole in a box; label inherited from source task.
187,7,maniskill_task_7,guide the peg into the horizontal hole in the box.,FALSE,navigation,,inherited,assistant_reviewed,train,155,"23,988",0.357,Insert the peg into the horizontal hole in a box; label inherited from source task.
188,7,maniskill_task_7,push the peg into the horizontally aligned box hole.,FALSE,navigation,,inherited,assistant_reviewed,train,155,"23,988",0.357,Insert the peg into the horizontal hole in a box; label inherited from source task.
189,7,maniskill_task_7,insert the peg into the box through its horizontal opening.,FALSE,navigation,,inherited,assistant_reviewed,train,155,"23,988",0.357,Insert the peg into the horizontal hole in a box; label inherited from source task.
190,7,maniskill_task_7,align and place the peg in the box's horizontal socket.,FALSE,navigation,,inherited,assistant_reviewed,train,155,"23,988",0.357,Insert the peg into the horizontal hole in a box; label inherited from source task.
191,7,maniskill_task_7,fit the peg inside the horizontal opening of the box.,FALSE,navigation,,inherited,assistant_reviewed,train,155,"23,988",0.357,Insert the peg into the horizontal hole in a box; label inherited from source task.
192,7,maniskill_task_7,put the peg through the hole oriented horizontally on the box.,FALSE,navigation,,inherited,assistant_reviewed,train,155,"23,988",0.357,Insert the peg into the horizontal hole in a box; label inherited from source task.
193,7,maniskill_task_7,move the peg into alignment with the horizontal hole and insert it.,FALSE,navigation,,inherited,assistant_reviewed,train,155,"23,988",0.357,Insert the peg into the horizontal hole in a box; label inherited from source task.
194,7,maniskill_task_7,guide the peg through the box's horizontally oriented opening.,FALSE,navigation,,inherited,assistant_reviewed,train,155,"23,988",0.357,Insert the peg into the horizontal hole in a box; label inherited from source task.
195,7,maniskill_task_7,place the peg into the horizontal socket on the box.,FALSE,navigation,,inherited,assistant_reviewed,train,155,"23,988",0.357,Insert the peg into the horizontal hole in a box; label inherited from source task.
196,7,maniskill_task_7,insert the peg straight into the horizontal box opening.,FALSE,navigation,,inherited,assistant_reviewed,train,155,"23,988",0.357,Insert the peg into the horizontal hole in a box; label inherited from source task.
197,7,maniskill_task_7,push the peg through the horizontal hole in the box.,FALSE,navigation,,inherited,assistant_reviewed,train,155,"23,988",0.357,Insert the peg into the horizontal hole in a box; label inherited from source task.
198,7,maniskill_task_7,fit the peg into the horizontally positioned hole.,FALSE,navigation,,inherited,assistant_reviewed,train,155,"23,988",0.357,Insert the peg into the horizontal hole in a box; label inherited from source task.
199,7,maniskill_task_7,align the peg to the box's horizontal hole and place it inside.,FALSE,navigation,,inherited,assistant_reviewed,train,155,"23,988",0.357,Insert the peg into the horizontal hole in a box; label inherited from source task.
200,7,maniskill_task_7,put the peg inside the opening that is horizontal on the box.,FALSE,navigation,,inherited,assistant_reviewed,train,155,"23,988",0.357,Insert the peg into the horizontal hole in a box; label inherited from source task.
201,7,maniskill_task_7,insert the peg into the correct horizontal opening of the box.,FALSE,navigation,,inherited,assistant_reviewed,train,155,"23,988",0.357,Insert the peg into the horizontal hole in a box; label inherited from source task.
202,7,maniskill_task_7,guide the peg into the hole on the box that faces horizontally.,FALSE,navigation,,inherited,assistant_reviewed,train,155,"23,988",0.357,Insert the peg into the horizontal hole in a box; label inherited from source task.
203,7,maniskill_task_7,place the peg through the box's horizontal aperture.,FALSE,navigation,,inherited,assistant_reviewed,train,155,"23,988",0.357,Insert the peg into the horizontal hole in a box; label inherited from source task.
204,7,maniskill_task_7,fit the peg securely into the horizontal hole in the box.,FALSE,navigation,,inherited,assistant_reviewed,train,155,"23,988",0.357,Insert the peg into the horizontal hole in a box; label inherited from source task.
205,7,maniskill_task_7,move the peg into the box through the horizontally aligned hole.,FALSE,navigation,,inherited,assistant_reviewed,train,155,"23,988",0.357,Insert the peg into the horizontal hole in a box; label inherited from source task.
206,7,maniskill_task_7,insert the peg in the box's side-facing horizontal opening.,FALSE,navigation,,inherited,assistant_reviewed,train,155,"23,988",0.357,Insert the peg into the horizontal hole in a box; label inherited from source task.
207,7,maniskill_task_7,push the peg inside the horizontal socket of the box.,FALSE,navigation,,inherited,assistant_reviewed,train,155,"23,988",0.357,Insert the peg into the horizontal hole in a box; label inherited from source task.
208,7,maniskill_task_7,align the peg horizontally with the box hole and insert it.,FALSE,navigation,,inherited,assistant_reviewed,train,155,"23,988",0.357,Insert the peg into the horizontal hole in a box; label inherited from source task.
209,7,maniskill_task_7,put the peg through the horizontally oriented opening in the box.,FALSE,navigation,,inherited,assistant_reviewed,train,155,"23,988",0.357,Insert the peg into the horizontal hole in a box; label inherited from source task.
210,7,maniskill_task_7,guide and insert the peg into the box's horizontal hole.,FALSE,navigation,,inherited,assistant_reviewed,train,155,"23,988",0.357,Insert the peg into the horizontal hole in a box; label inherited from source task.
211,8,maniskill_task_8,pick up the red cube and move it to a goal position.,TRUE,navigation,,source_label,source,train,143,"14,254",0.357,Move the red cube to a goal position; label inherited from source task.
212,8,maniskill_task_8,pick up the red cube and place it at the goal position.,FALSE,navigation,,inherited,assistant_reviewed,train,143,"14,254",0.357,Move the red cube to a goal position; label inherited from source task.
213,8,maniskill_task_8,grasp the red cube and move it to the target location.,FALSE,navigation,,inherited,assistant_reviewed,train,143,"14,254",0.357,Move the red cube to a goal position; label inherited from source task.
214,8,maniskill_task_8,lift the red cube and carry it to the goal.,FALSE,navigation,,inherited,assistant_reviewed,train,143,"14,254",0.357,Move the red cube to a goal position; label inherited from source task.
215,8,maniskill_task_8,move the red cube into its designated target position.,FALSE,navigation,,inherited,assistant_reviewed,train,143,"14,254",0.357,Move the red cube to a goal position; label inherited from source task.
216,8,maniskill_task_8,take the red cube and put it at the goal location.,FALSE,navigation,,inherited,assistant_reviewed,train,143,"14,254",0.357,Move the red cube to a goal position; label inherited from source task.
217,8,maniskill_task_8,grab the red cube and relocate it to the target.,FALSE,navigation,,inherited,assistant_reviewed,train,143,"14,254",0.357,Move the red cube to a goal position; label inherited from source task.
218,8,maniskill_task_8,place the red cube in the specified goal position.,FALSE,navigation,,inherited,assistant_reviewed,train,143,"14,254",0.357,Move the red cube to a goal position; label inherited from source task.
219,8,maniskill_task_8,pick the red cube up and set it down at the target spot.,FALSE,navigation,,inherited,assistant_reviewed,train,143,"14,254",0.357,Move the red cube to a goal position; label inherited from source task.
220,8,maniskill_task_8,transport the red cube to the indicated goal location.,FALSE,navigation,,inherited,assistant_reviewed,train,143,"14,254",0.357,Move the red cube to a goal position; label inherited from source task.
221,8,maniskill_task_8,grasp and transfer the red cube to its target position.,FALSE,navigation,,inherited,assistant_reviewed,train,143,"14,254",0.357,Move the red cube to a goal position; label inherited from source task.
222,8,maniskill_task_8,"lift the red cube, then place it at the goal.",FALSE,navigation,,inherited,assistant_reviewed,train,143,"14,254",0.357,Move the red cube to a goal position; label inherited from source task.
223,8,maniskill_task_8,move the selected red cube into the goal position.,FALSE,navigation,,inherited,assistant_reviewed,train,143,"14,254",0.357,Move the red cube to a goal position; label inherited from source task.
224,8,maniskill_task_8,pick up the red block and bring it to the target spot.,FALSE,navigation,,inherited,assistant_reviewed,train,143,"14,254",0.357,Move the red cube to a goal position; label inherited from source task.
225,8,maniskill_task_8,relocate the red cube from its current position to the goal.,FALSE,navigation,,inherited,assistant_reviewed,train,143,"14,254",0.357,Move the red cube to a goal position; label inherited from source task.
226,8,maniskill_task_8,carry the red cube over to the designated target position.,FALSE,navigation,,inherited,assistant_reviewed,train,143,"14,254",0.357,Move the red cube to a goal position; label inherited from source task.
227,8,maniskill_task_8,take hold of the red cube and place it at the goal location.,FALSE,navigation,,inherited,assistant_reviewed,train,143,"14,254",0.357,Move the red cube to a goal position; label inherited from source task.
228,8,maniskill_task_8,pick and place the red cube at the indicated target.,FALSE,navigation,,inherited,assistant_reviewed,train,143,"14,254",0.357,Move the red cube to a goal position; label inherited from source task.
229,8,maniskill_task_8,move the red block until it is positioned at the goal.,FALSE,navigation,,inherited,assistant_reviewed,train,143,"14,254",0.357,Move the red cube to a goal position; label inherited from source task.
230,8,maniskill_task_8,grasp the red cube and set it at the specified destination.,FALSE,navigation,,inherited,assistant_reviewed,train,143,"14,254",0.357,Move the red cube to a goal position; label inherited from source task.
231,8,maniskill_task_8,lift and reposition the red cube at the target location.,FALSE,navigation,,inherited,assistant_reviewed,train,143,"14,254",0.357,Move the red cube to a goal position; label inherited from source task.
232,8,maniskill_task_8,transfer the red cube to the marked goal position.,FALSE,navigation,,inherited,assistant_reviewed,train,143,"14,254",0.357,Move the red cube to a goal position; label inherited from source task.
233,8,maniskill_task_8,pick the red cube up and move it into the target area.,FALSE,navigation,,inherited,assistant_reviewed,train,143,"14,254",0.357,Move the red cube to a goal position; label inherited from source task.
234,8,maniskill_task_8,bring the red cube to its assigned goal position.,FALSE,navigation,,inherited,assistant_reviewed,train,143,"14,254",0.357,Move the red cube to a goal position; label inherited from source task.
235,8,maniskill_task_8,move the red block from where it is to the target spot.,FALSE,navigation,,inherited,assistant_reviewed,train,143,"14,254",0.357,Move the red cube to a goal position; label inherited from source task.
236,8,maniskill_task_8,grasp the red cube and place it in the goal location.,FALSE,navigation,,inherited,assistant_reviewed,train,143,"14,254",0.357,Move the red cube to a goal position; label inherited from source task.
237,8,maniskill_task_8,pick up the red cube and relocate it to its target.,FALSE,navigation,,inherited,assistant_reviewed,train,143,"14,254",0.357,Move the red cube to a goal position; label inherited from source task.
238,8,maniskill_task_8,carry the red cube to the specified destination.,FALSE,navigation,,inherited,assistant_reviewed,train,143,"14,254",0.357,Move the red cube to a goal position; label inherited from source task.
239,8,maniskill_task_8,lift the red block and position it at the indicated goal.,FALSE,navigation,,inherited,assistant_reviewed,train,143,"14,254",0.357,Move the red cube to a goal position; label inherited from source task.
240,8,maniskill_task_8,take the red cube to the goal and place it there.,FALSE,navigation,,inherited,assistant_reviewed,train,143,"14,254",0.357,Move the red cube to a goal position; label inherited from source task.
241,9,maniskill_task_9,lift up the red cube by 0.2 meters.,TRUE,navigation,,source_label,source,train,16,"1,440",0.357,Raise the red cube vertically by exactly 0.2 meters; label inherited from source task.
242,9,maniskill_task_9,raise the red cube by 0.2 meters.,FALSE,navigation,,inherited,assistant_reviewed,train,16,"1,440",0.357,Raise the red cube vertically by exactly 0.2 meters; label inherited from source task.
243,9,maniskill_task_9,lift the red cube 0.2 meters upward.,FALSE,navigation,,inherited,assistant_reviewed,train,16,"1,440",0.357,Raise the red cube vertically by exactly 0.2 meters; label inherited from source task.
244,9,maniskill_task_9,move the red cube upward by 0.2 meters.,FALSE,navigation,,inherited,assistant_reviewed,train,16,"1,440",0.357,Raise the red cube vertically by exactly 0.2 meters; label inherited from source task.
245,9,maniskill_task_9,raise the red block exactly 0.2 meters.,FALSE,navigation,,inherited,assistant_reviewed,train,16,"1,440",0.357,Raise the red cube vertically by exactly 0.2 meters; label inherited from source task.
246,9,maniskill_task_9,pick up the red cube and elevate it by 0.2 meters.,FALSE,navigation,,inherited,assistant_reviewed,train,16,"1,440",0.357,Raise the red cube vertically by exactly 0.2 meters; label inherited from source task.
247,9,maniskill_task_9,increase the red cube's height by 0.2 meters.,FALSE,navigation,,inherited,assistant_reviewed,train,16,"1,440",0.357,Raise the red cube vertically by exactly 0.2 meters; label inherited from source task.
248,9,maniskill_task_9,lift the red block vertically through a distance of 0.2 meters.,FALSE,navigation,,inherited,assistant_reviewed,train,16,"1,440",0.357,Raise the red cube vertically by exactly 0.2 meters; label inherited from source task.
249,9,maniskill_task_9,move the red cube 0.2 meters higher.,FALSE,navigation,,inherited,assistant_reviewed,train,16,"1,440",0.357,Raise the red cube vertically by exactly 0.2 meters; label inherited from source task.
250,9,maniskill_task_9,elevate the red cube by twenty centimeters.,FALSE,navigation,,inherited,assistant_reviewed,train,16,"1,440",0.357,Raise the red cube vertically by exactly 0.2 meters; label inherited from source task.
251,9,maniskill_task_9,raise the red cube vertically by 20 centimeters.,FALSE,navigation,,inherited,assistant_reviewed,train,16,"1,440",0.357,Raise the red cube vertically by exactly 0.2 meters; label inherited from source task.
252,9,maniskill_task_9,lift the red block upward a distance of twenty centimeters.,FALSE,navigation,,inherited,assistant_reviewed,train,16,"1,440",0.357,Raise the red cube vertically by exactly 0.2 meters; label inherited from source task.
253,9,maniskill_task_9,move the red cube straight up by 0.2 meters.,FALSE,navigation,,inherited,assistant_reviewed,train,16,"1,440",0.357,Raise the red cube vertically by exactly 0.2 meters; label inherited from source task.
254,9,maniskill_task_9,raise the height of the red cube by 0.2 meters.,FALSE,navigation,,inherited,assistant_reviewed,train,16,"1,440",0.357,Raise the red cube vertically by exactly 0.2 meters; label inherited from source task.
255,9,maniskill_task_9,pick the red cube up by twenty centimeters.,FALSE,navigation,,inherited,assistant_reviewed,train,16,"1,440",0.357,Raise the red cube vertically by exactly 0.2 meters; label inherited from source task.
256,9,maniskill_task_9,elevate the red block exactly 0.2 meters above its current height.,FALSE,navigation,,inherited,assistant_reviewed,train,16,"1,440",0.357,Raise the red cube vertically by exactly 0.2 meters; label inherited from source task.
257,9,maniskill_task_9,lift the red cube until it is 0.2 meters higher.,FALSE,navigation,,inherited,assistant_reviewed,train,16,"1,440",0.357,Raise the red cube vertically by exactly 0.2 meters; label inherited from source task.
258,9,maniskill_task_9,move the red block vertically upward by twenty centimeters.,FALSE,navigation,,inherited,assistant_reviewed,train,16,"1,440",0.357,Raise the red cube vertically by exactly 0.2 meters; label inherited from source task.
259,9,maniskill_task_9,raise the red cube from its current position by 0.2 meters.,FALSE,navigation,,inherited,assistant_reviewed,train,16,"1,440",0.357,Raise the red cube vertically by exactly 0.2 meters; label inherited from source task.
260,9,maniskill_task_9,lift the red cube straight upward by twenty centimeters.,FALSE,navigation,,inherited,assistant_reviewed,train,16,"1,440",0.357,Raise the red cube vertically by exactly 0.2 meters; label inherited from source task.
261,9,maniskill_task_9,elevate the cube colored red by 0.2 meters.,FALSE,navigation,,inherited,assistant_reviewed,train,16,"1,440",0.357,Raise the red cube vertically by exactly 0.2 meters; label inherited from source task.
262,9,maniskill_task_9,move the red cube up exactly 20 centimeters.,FALSE,navigation,,inherited,assistant_reviewed,train,16,"1,440",0.357,Raise the red cube vertically by exactly 0.2 meters; label inherited from source task.
263,9,maniskill_task_9,raise the red block 0.2 meters above where it is now.,FALSE,navigation,,inherited,assistant_reviewed,train,16,"1,440",0.357,Raise the red cube vertically by exactly 0.2 meters; label inherited from source task.
264,9,maniskill_task_9,lift the red cube through a vertical displacement of 0.2 meters.,FALSE,navigation,,inherited,assistant_reviewed,train,16,"1,440",0.357,Raise the red cube vertically by exactly 0.2 meters; label inherited from source task.
265,9,maniskill_task_9,increase the red block's vertical position by twenty centimeters.,FALSE,navigation,,inherited,assistant_reviewed,train,16,"1,440",0.357,Raise the red cube vertically by exactly 0.2 meters; label inherited from source task.
266,9,maniskill_task_9,pick up and raise the red cube by 0.2 meters.,FALSE,navigation,,inherited,assistant_reviewed,train,16,"1,440",0.357,Raise the red cube vertically by exactly 0.2 meters; label inherited from source task.
267,9,maniskill_task_9,elevate the red cube vertically by exactly twenty centimeters.,FALSE,navigation,,inherited,assistant_reviewed,train,16,"1,440",0.357,Raise the red cube vertically by exactly 0.2 meters; label inherited from source task.
268,9,maniskill_task_9,move the red block upward until it is 0.2 meters higher.,FALSE,navigation,,inherited,assistant_reviewed,train,16,"1,440",0.357,Raise the red cube vertically by exactly 0.2 meters; label inherited from source task.
269,9,maniskill_task_9,lift the red cube to a point twenty centimeters above its start.,FALSE,navigation,,inherited,assistant_reviewed,train,16,"1,440",0.357,Raise the red cube vertically by exactly 0.2 meters; label inherited from source task.
270,9,maniskill_task_9,raise the red cube by a vertical distance of 0.2 meters.,FALSE,navigation,,inherited,assistant_reviewed,train,16,"1,440",0.357,Raise the red cube vertically by exactly 0.2 meters; label inherited from source task.
271,10,maniskill_task_10,return the red cube to the position it occupied before it was moved.,TRUE,temporal,,source_label,source,train,,,2.500,Synthetic temporal-memory source task; requires recall of the red cube's immediately previous position.
272,10,maniskill_task_10,move the red cube back to its previous position.,FALSE,temporal,,inherited,assistant_reviewed,train,,,2.500,Synthetic temporal-memory source task; requires recall of the red cube's immediately previous position.
273,10,maniskill_task_10,place the red cube at the location it occupied before its last move.,FALSE,temporal,,inherited,assistant_reviewed,train,,,2.500,Synthetic temporal-memory source task; requires recall of the red cube's immediately previous position.
274,10,maniskill_task_10,restore the red cube to its prior location.,FALSE,temporal,,inherited,assistant_reviewed,train,,,2.500,Synthetic temporal-memory source task; requires recall of the red cube's immediately previous position.
275,10,maniskill_task_10,take the red cube back to where it was previously.,FALSE,temporal,,inherited,assistant_reviewed,train,,,2.500,Synthetic temporal-memory source task; requires recall of the red cube's immediately previous position.
276,10,maniskill_task_10,relocate the red cube to the position it held before being moved.,FALSE,temporal,,inherited,assistant_reviewed,train,,,2.500,Synthetic temporal-memory source task; requires recall of the red cube's immediately previous position.
277,10,maniskill_task_10,put the red cube back in its earlier location.,FALSE,temporal,,inherited,assistant_reviewed,train,,,2.500,Synthetic temporal-memory source task; requires recall of the red cube's immediately previous position.
278,10,maniskill_task_10,return the red block to the spot it occupied immediately before the current one.,FALSE,temporal,,inherited,assistant_reviewed,train,,,2.500,Synthetic temporal-memory source task; requires recall of the red cube's immediately previous position.
279,10,maniskill_task_10,move the red cube from its current location back to its preceding position.,FALSE,temporal,,inherited,assistant_reviewed,train,,,2.500,Synthetic temporal-memory source task; requires recall of the red cube's immediately previous position.
280,10,maniskill_task_10,restore the red block to its last position before relocation.,FALSE,temporal,,inherited,assistant_reviewed,train,,,2.500,Synthetic temporal-memory source task; requires recall of the red cube's immediately previous position.
281,10,maniskill_task_10,place the cube colored red where it was before the most recent move.,FALSE,temporal,,inherited,assistant_reviewed,train,,,2.500,Synthetic temporal-memory source task; requires recall of the red cube's immediately previous position.
282,10,maniskill_task_10,take the red block back to its previous recorded location.,FALSE,temporal,,inherited,assistant_reviewed,train,,,2.500,Synthetic temporal-memory source task; requires recall of the red cube's immediately previous position.
283,10,maniskill_task_10,move the red cube back to the location it came from.,FALSE,temporal,,inherited,assistant_reviewed,train,,,2.500,Synthetic temporal-memory source task; requires recall of the red cube's immediately previous position.
284,10,maniskill_task_10,return the red block to its earlier position before the transfer.,FALSE,temporal,,inherited,assistant_reviewed,train,,,2.500,Synthetic temporal-memory source task; requires recall of the red cube's immediately previous position.
285,10,maniskill_task_10,reposition the red cube at the location it occupied one move ago.,FALSE,temporal,,inherited,assistant_reviewed,train,,,2.500,Synthetic temporal-memory source task; requires recall of the red cube's immediately previous position.
286,10,maniskill_task_10,put the red cube back where it had been before.,FALSE,temporal,,inherited,assistant_reviewed,train,,,2.500,Synthetic temporal-memory source task; requires recall of the red cube's immediately previous position.
287,10,maniskill_task_10,restore the red cube to the position preceding its current position.,FALSE,temporal,,inherited,assistant_reviewed,train,,,2.500,Synthetic temporal-memory source task; requires recall of the red cube's immediately previous position.
288,10,maniskill_task_10,move the red block back to its last known position before relocation.,FALSE,temporal,,inherited,assistant_reviewed,train,,,2.500,Synthetic temporal-memory source task; requires recall of the red cube's immediately previous position.
289,10,maniskill_task_10,return the red cube to the location from which it was moved.,FALSE,temporal,,inherited,assistant_reviewed,train,,,2.500,Synthetic temporal-memory source task; requires recall of the red cube's immediately previous position.
290,10,maniskill_task_10,place the red cube in the prior position remembered from before the move.,FALSE,temporal,,inherited,assistant_reviewed,train,,,2.500,Synthetic temporal-memory source task; requires recall of the red cube's immediately previous position.
291,10,maniskill_task_10,undo the most recent move by returning the red cube to its earlier location.,FALSE,temporal,,inherited,assistant_reviewed,train,,,2.500,Synthetic temporal-memory source task; requires recall of the red cube's immediately previous position.
292,10,maniskill_task_10,reverse the red cube's last relocation and restore its prior position.,FALSE,temporal,,inherited,assistant_reviewed,train,,,2.500,Synthetic temporal-memory source task; requires recall of the red cube's immediately previous position.
293,10,maniskill_task_10,move the red cube back to the spot it occupied previously.,FALSE,temporal,,inherited,assistant_reviewed,train,,,2.500,Synthetic temporal-memory source task; requires recall of the red cube's immediately previous position.
294,10,maniskill_task_10,return the red block to the location it was in before its latest movement.,FALSE,temporal,,inherited,assistant_reviewed,train,,,2.500,Synthetic temporal-memory source task; requires recall of the red cube's immediately previous position.
295,10,maniskill_task_10,restore the red cube to the exact position it had before it moved.,FALSE,temporal,,inherited,assistant_reviewed,train,,,2.500,Synthetic temporal-memory source task; requires recall of the red cube's immediately previous position.
296,10,maniskill_task_10,place the red cube back at its former location.,FALSE,temporal,,inherited,assistant_reviewed,train,,,2.500,Synthetic temporal-memory source task; requires recall of the red cube's immediately previous position.
297,10,maniskill_task_10,take the red cube to its immediately previous position.,FALSE,temporal,,inherited,assistant_reviewed,train,,,2.500,Synthetic temporal-memory source task; requires recall of the red cube's immediately previous position.
298,10,maniskill_task_10,return the red block to the starting point of its most recent move.,FALSE,temporal,,inherited,assistant_reviewed,train,,,2.500,Synthetic temporal-memory source task; requires recall of the red cube's immediately previous position.
299,10,maniskill_task_10,move the red cube back to where it was just before relocation.,FALSE,temporal,,inherited,assistant_reviewed,train,,,2.500,Synthetic temporal-memory source task; requires recall of the red cube's immediately previous position.
300,10,maniskill_task_10,restore the red cube to the position it occupied prior to its current location.,FALSE,temporal,,inherited,assistant_reviewed,train,,,2.500,Synthetic temporal-memory source task; requires recall of the red cube's immediately previous position.
